<?xml version="1.0" encoding="UTF-8"?>
<!DOCTYPE suite SYSTEM "https://testng.org/testng-1.0.dtd">
<suite guice-stage="DEVELOPMENT" name="Failed suite [Default Suite]">
  <test thread-count="5" name="newRestAssured(failed)">
    <classes>
      <class name="Accounts_API">
        <methods>
          <include name="getResponseBody"/>
          <include name="Test_02"/>
        </methods>
      </class> <!-- Accounts_API -->
    </classes>
  </test> <!-- newRestAssured(failed) -->
</suite> <!-- Failed suite [Default Suite] -->
